"id";"nombre";"apaterno";"amaterno";"edad";"sexo";"email";"email_verified_at";"cargo";"jornada";"escolaridad";"departamento_id";"password";"remember_token";"created_at";"updated_at"
1;"Hertha";"Stamm";"Davis";29;"Masculino";"nyasia95@example.org";"2019-08-08 08:52:12";"PR Manager";"Nocturna";"Preparatoria";1;"$2y$10$YkpG5/TAVO5kjp/IV3zmouIFhmafAi8Lti7m/QwaZ.5CmZmRJWN7y";"ApjIwggk7g";"2019-08-08 08:52:12";"2019-08-08 08:52:12"
2;"Nayeli";"Dickinson";"Donnelly";20;"Masculino";"berneice73@example.org";"2019-08-08 08:52:12";"Biomedical Engineer";"Nocturna";"Tecnica";5;"$2y$10$YkpG5/TAVO5kjp/IV3zmouIFhmafAi8Lti7m/QwaZ.5CmZmRJWN7y";"Wg74iXvrfG";"2019-08-08 08:52:12";"2019-08-08 08:52:12"
3;"Jason";"Sporer";"O'Conner";27;"Masculino";"myrtle71@example.org";"2019-08-08 08:52:12";"Technical Specialist";"Mixta";"Universidad";3;"$2y$10$YkpG5/TAVO5kjp/IV3zmouIFhmafAi8Lti7m/QwaZ.5CmZmRJWN7y";"e46HTLCfHY";"2019-08-08 08:52:12";"2019-08-08 08:52:12"
4;"Kevin";"Mitchell";"Kuphal";34;"Masculino";"bogan.armando@example.com";"2019-08-08 08:52:12";"Farm Labor Contractor";"Mixta";"Preparatoria";2;"$2y$10$YkpG5/TAVO5kjp/IV3zmouIFhmafAi8Lti7m/QwaZ.5CmZmRJWN7y";"zgPWv7GvJE";"2019-08-08 08:52:12";"2019-08-08 08:52:12"
5;"Teresa";"Green";"Flatley";29;"Masculino";"davion.feil@example.com";"2019-08-08 08:52:12";"Janitorial Supervisor";"Nocturna";"Primaria";4;"$2y$10$YkpG5/TAVO5kjp/IV3zmouIFhmafAi8Lti7m/QwaZ.5CmZmRJWN7y";"0x05fQTEuV";"2019-08-08 08:52:12";"2019-08-08 08:52:12"
6;"Trent";"Deckow";"Schumm";35;"Femenino";"evans.kub@example.net";"2019-08-08 08:52:12";"Postmasters";"Mixta";"Secundaria";4;"$2y$10$YkpG5/TAVO5kjp/IV3zmouIFhmafAi8Lti7m/QwaZ.5CmZmRJWN7y";"PFV3tNj2Cu";"2019-08-08 08:52:12";"2019-08-08 08:52:12"
7;"Marcos";"Bogisich";"Price";26;"Femenino";"boehm.jodie@example.org";"2019-08-08 08:52:12";"Storage Manager OR Distribution Manager";"Nocturna";"Universidad";2;"$2y$10$YkpG5/TAVO5kjp/IV3zmouIFhmafAi8Lti7m/QwaZ.5CmZmRJWN7y";"Aid9DqGXsp";"2019-08-08 08:52:12";"2019-08-08 08:52:12"
8;"Elinore";"Murphy";"Von";35;"Femenino";"elisabeth.baumbach@example.org";"2019-08-08 08:52:12";"Welding Machine Setter";"Diurna";"Tecnica";5;"$2y$10$YkpG5/TAVO5kjp/IV3zmouIFhmafAi8Lti7m/QwaZ.5CmZmRJWN7y";"CNKQUNGfxH";"2019-08-08 08:52:12";"2019-08-08 08:52:12"
9;"Zita";"Crist";"Huel";33;"Femenino";"reta.schamberger@example.com";"2019-08-08 08:52:12";"Animal Care Workers";"Nocturna";"Secundaria";4;"$2y$10$YkpG5/TAVO5kjp/IV3zmouIFhmafAi8Lti7m/QwaZ.5CmZmRJWN7y";"DmtZmKYrio";"2019-08-08 08:52:12";"2019-08-08 08:52:12"
10;"Heidi";"Strosin";"Douglas";22;"Femenino";"ignatius.rutherford@example.org";"2019-08-08 08:52:12";"Technical Writer";"Nocturna";"Preparatoria";3;"$2y$10$YkpG5/TAVO5kjp/IV3zmouIFhmafAi8Lti7m/QwaZ.5CmZmRJWN7y";"832hjiMlAZ";"2019-08-08 08:52:12";"2019-08-08 08:52:12"
11;"Heaven";"Sawayn";"Wuckert";27;"Femenino";"mara40@example.com";"2019-08-08 08:52:12";"Municipal Fire Fighter";"Mixta";"Preparatoria";3;"$2y$10$YkpG5/TAVO5kjp/IV3zmouIFhmafAi8Lti7m/QwaZ.5CmZmRJWN7y";"Ijs7mKR5Mz";"2019-08-08 08:52:12";"2019-08-08 08:52:12"
12;"Abby";"Hermiston";"Leffler";35;"Masculino";"lbayer@example.net";"2019-08-08 08:52:12";"Natural Sciences Manager";"Diurna";"Preparatoria";5;"$2y$10$YkpG5/TAVO5kjp/IV3zmouIFhmafAi8Lti7m/QwaZ.5CmZmRJWN7y";"dPrCFZbU5I";"2019-08-08 08:52:12";"2019-08-08 08:52:12"
13;"Tyree";"Schimmel";"Hackett";21;"Masculino";"raynor.hortense@example.org";"2019-08-08 08:52:12";"Set Designer";"Nocturna";"Tecnica";1;"$2y$10$YkpG5/TAVO5kjp/IV3zmouIFhmafAi8Lti7m/QwaZ.5CmZmRJWN7y";"l4roukqQGZ";"2019-08-08 08:52:12";"2019-08-08 08:52:12"
14;"Karli";"Kuphal";"Hickle";23;"Femenino";"reichert.georgette@example.org";"2019-08-08 08:52:12";"Municipal Clerk";"Diurna";"Secundaria";2;"$2y$10$YkpG5/TAVO5kjp/IV3zmouIFhmafAi8Lti7m/QwaZ.5CmZmRJWN7y";"d7XDXxQf9P";"2019-08-08 08:52:12";"2019-08-08 08:52:12"
15;"Alberta";"Kreiger";"Dickinson";29;"Femenino";"schiller.alfonzo@example.com";"2019-08-08 08:52:12";"Telecommunications Equipment Installer";"Mixta";"Tecnica";4;"$2y$10$YkpG5/TAVO5kjp/IV3zmouIFhmafAi8Lti7m/QwaZ.5CmZmRJWN7y";"ythLV3zJKo";"2019-08-08 08:52:12";"2019-08-08 08:52:12"
16;"Santina";"Terry";"Crist";25;"Masculino";"zwitting@example.net";"2019-08-08 08:52:12";"Fish Game Warden";"Diurna";"Preparatoria";3;"$2y$10$YkpG5/TAVO5kjp/IV3zmouIFhmafAi8Lti7m/QwaZ.5CmZmRJWN7y";"5TG9ywGK3z";"2019-08-08 08:52:12";"2019-08-08 08:52:12"
17;"Shana";"Franecki";"Crist";25;"Femenino";"alexandro.dibbert@example.org";"2019-08-08 08:52:12";"Landscaper";"Nocturna";"Preparatoria";4;"$2y$10$YkpG5/TAVO5kjp/IV3zmouIFhmafAi8Lti7m/QwaZ.5CmZmRJWN7y";"lHsmOeCzdP";"2019-08-08 08:52:12";"2019-08-08 08:52:12"
18;"Paris";"Hackett";"Smith";38;"Masculino";"cornelius.torphy@example.com";"2019-08-08 08:52:12";"Political Science Teacher";"Diurna";"Primaria";3;"$2y$10$YkpG5/TAVO5kjp/IV3zmouIFhmafAi8Lti7m/QwaZ.5CmZmRJWN7y";"cRJ208jNa1";"2019-08-08 08:52:12";"2019-08-08 08:52:12"
19;"Rory";"Dare";"Vandervort";26;"Masculino";"raquel.collier@example.org";"2019-08-08 08:52:12";"Maintenance and Repair Worker";"Diurna";"Tecnica";1;"$2y$10$YkpG5/TAVO5kjp/IV3zmouIFhmafAi8Lti7m/QwaZ.5CmZmRJWN7y";"cMEnHfh8oN";"2019-08-08 08:52:12";"2019-08-08 08:52:12"
20;"Sandy";"Brekke";"Bashirian";18;"Masculino";"moen.elmo@example.org";"2019-08-08 08:52:12";"Hotel Desk Clerk";"Mixta";"Primaria";5;"$2y$10$YkpG5/TAVO5kjp/IV3zmouIFhmafAi8Lti7m/QwaZ.5CmZmRJWN7y";"8FJ29RZhlH";"2019-08-08 08:52:12";"2019-08-08 08:52:12"
21;"Rosanna";"Wilkinson";"Ruecker";39;"Masculino";"gilda11@example.com";"2019-08-08 08:52:12";"Refractory Materials Repairer";"Diurna";"Preparatoria";5;"$2y$10$YkpG5/TAVO5kjp/IV3zmouIFhmafAi8Lti7m/QwaZ.5CmZmRJWN7y";"fS0D8k03QL";"2019-08-08 08:52:12";"2019-08-08 08:52:12"
22;"Scottie";"Durgan";"Herman";37;"Masculino";"asha39@example.com";"2019-08-08 08:52:12";"Nuclear Medicine Technologist";"Nocturna";"Primaria";1;"$2y$10$YkpG5/TAVO5kjp/IV3zmouIFhmafAi8Lti7m/QwaZ.5CmZmRJWN7y";"RPx7o4jWfX";"2019-08-08 08:52:12";"2019-08-08 08:52:12"
23;"Delilah";"Grady";"Stark";20;"Femenino";"zullrich@example.net";"2019-08-08 08:52:12";"Film Laboratory Technician";"Diurna";"Primaria";5;"$2y$10$YkpG5/TAVO5kjp/IV3zmouIFhmafAi8Lti7m/QwaZ.5CmZmRJWN7y";"Yf8fckBX5H";"2019-08-08 08:52:12";"2019-08-08 08:52:12"
24;"Micaela";"Lockman";"Donnelly";34;"Femenino";"nlakin@example.org";"2019-08-08 08:52:12";"Fire Inspector";"Mixta";"Primaria";1;"$2y$10$YkpG5/TAVO5kjp/IV3zmouIFhmafAi8Lti7m/QwaZ.5CmZmRJWN7y";"pVMdPv4bOT";"2019-08-08 08:52:12";"2019-08-08 08:52:12"
25;"Horace";"Prosacco";"Stoltenberg";38;"Masculino";"don65@example.net";"2019-08-08 08:52:12";"Plating Operator";"Mixta";"Universidad";3;"$2y$10$YkpG5/TAVO5kjp/IV3zmouIFhmafAi8Lti7m/QwaZ.5CmZmRJWN7y";"DJiTSdD3yt";"2019-08-08 08:52:12";"2019-08-08 08:52:12"
26;"Maud";"Orn";"Gibson";40;"Masculino";"ivory40@example.net";"2019-08-08 08:52:12";"Mapping Technician";"Mixta";"Tecnica";1;"$2y$10$YkpG5/TAVO5kjp/IV3zmouIFhmafAi8Lti7m/QwaZ.5CmZmRJWN7y";"WGwcEk60MO";"2019-08-08 08:52:12";"2019-08-08 08:52:12"
27;"Tyrell";"Mertz";"Wuckert";22;"Masculino";"terry28@example.com";"2019-08-08 08:52:12";"Nuclear Monitoring Technician";"Mixta";"Tecnica";1;"$2y$10$YkpG5/TAVO5kjp/IV3zmouIFhmafAi8Lti7m/QwaZ.5CmZmRJWN7y";"xdHJgW4of8";"2019-08-08 08:52:12";"2019-08-08 08:52:12"
28;"Raegan";"Kutch";"Macejkovic";32;"Masculino";"vpfannerstill@example.net";"2019-08-08 08:52:12";"Lay-Out Worker";"Diurna";"Tecnica";5;"$2y$10$YkpG5/TAVO5kjp/IV3zmouIFhmafAi8Lti7m/QwaZ.5CmZmRJWN7y";"I8VS3cs1XU";"2019-08-08 08:52:13";"2019-08-08 08:52:13"
29;"Carmel";"Grimes";"Hickle";22;"Masculino";"dena.hettinger@example.net";"2019-08-08 08:52:12";"Dispatcher";"Diurna";"Tecnica";1;"$2y$10$YkpG5/TAVO5kjp/IV3zmouIFhmafAi8Lti7m/QwaZ.5CmZmRJWN7y";"hjLdZp9BkL";"2019-08-08 08:52:13";"2019-08-08 08:52:13"
30;"Edwardo";"D'Amore";"Ortiz";19;"Femenino";"fhintz@example.com";"2019-08-08 08:52:12";"Agricultural Manager";"Diurna";"Secundaria";4;"$2y$10$YkpG5/TAVO5kjp/IV3zmouIFhmafAi8Lti7m/QwaZ.5CmZmRJWN7y";"VBiBLx34PR";"2019-08-08 08:52:13";"2019-08-08 08:52:13"
31;"Ara";"Von";"Hoeger";27;"Masculino";"glehner@example.org";"2019-08-08 08:52:12";"Jeweler";"Nocturna";"Preparatoria";1;"$2y$10$YkpG5/TAVO5kjp/IV3zmouIFhmafAi8Lti7m/QwaZ.5CmZmRJWN7y";"xBW2AbA6WI";"2019-08-08 08:52:13";"2019-08-08 08:52:13"
32;"Kobe";"Hermann";"Zulauf";36;"Femenino";"rutherford.ida@example.org";"2019-08-08 08:52:12";"Welder and Cutter";"Diurna";"Preparatoria";1;"$2y$10$YkpG5/TAVO5kjp/IV3zmouIFhmafAi8Lti7m/QwaZ.5CmZmRJWN7y";"AXeCgQL0Ge";"2019-08-08 08:52:13";"2019-08-08 08:52:13"
33;"Roslyn";"Quigley";"Morissette";20;"Masculino";"ambrose30@example.net";"2019-08-08 08:52:12";"Train Crew";"Mixta";"Tecnica";5;"$2y$10$YkpG5/TAVO5kjp/IV3zmouIFhmafAi8Lti7m/QwaZ.5CmZmRJWN7y";"2mlhdFI0z8";"2019-08-08 08:52:13";"2019-08-08 08:52:13"
34;"Queenie";"Weissnat";"Mosciski";19;"Masculino";"michaela57@example.org";"2019-08-08 08:52:12";"Bench Jeweler";"Diurna";"Tecnica";5;"$2y$10$YkpG5/TAVO5kjp/IV3zmouIFhmafAi8Lti7m/QwaZ.5CmZmRJWN7y";"Po4mCLEGff";"2019-08-08 08:52:13";"2019-08-08 08:52:13"
35;"Fiona";"Wilkinson";"Crooks";20;"Masculino";"turner.elias@example.org";"2019-08-08 08:52:12";"Travel Clerk";"Mixta";"Tecnica";1;"$2y$10$YkpG5/TAVO5kjp/IV3zmouIFhmafAi8Lti7m/QwaZ.5CmZmRJWN7y";"Z8SSQwoe7K";"2019-08-08 08:52:13";"2019-08-08 08:52:13"
36;"Halle";"Bayer";"Ebert";20;"Masculino";"mrice@example.org";"2019-08-08 08:52:12";"Buffing and Polishing Operator";"Nocturna";"Preparatoria";2;"$2y$10$YkpG5/TAVO5kjp/IV3zmouIFhmafAi8Lti7m/QwaZ.5CmZmRJWN7y";"Kmvc31zsAU";"2019-08-08 08:52:13";"2019-08-08 08:52:13"
37;"Macy";"Spencer";"Leannon";36;"Femenino";"marley.ebert@example.net";"2019-08-08 08:52:12";"Postal Service Clerk";"Nocturna";"Universidad";5;"$2y$10$YkpG5/TAVO5kjp/IV3zmouIFhmafAi8Lti7m/QwaZ.5CmZmRJWN7y";"hYOPda4I6V";"2019-08-08 08:52:13";"2019-08-08 08:52:13"
38;"Twila";"Kessler";"Pollich";40;"Masculino";"ischaefer@example.org";"2019-08-08 08:52:12";"Psychology Teacher";"Mixta";"Universidad";5;"$2y$10$YkpG5/TAVO5kjp/IV3zmouIFhmafAi8Lti7m/QwaZ.5CmZmRJWN7y";"I5mEOCxOAL";"2019-08-08 08:52:13";"2019-08-08 08:52:13"
39;"Shayne";"Leuschke";"Rippin";26;"Masculino";"pfritsch@example.org";"2019-08-08 08:52:12";"Veterinarian";"Mixta";"Primaria";5;"$2y$10$YkpG5/TAVO5kjp/IV3zmouIFhmafAi8Lti7m/QwaZ.5CmZmRJWN7y";"MzCcc0unvi";"2019-08-08 08:52:13";"2019-08-08 08:52:13"
40;"Shyanne";"Predovic";"Bednar";23;"Femenino";"jermaine28@example.org";"2019-08-08 08:52:12";"Coremaking Machine Operator";"Nocturna";"Tecnica";1;"$2y$10$YkpG5/TAVO5kjp/IV3zmouIFhmafAi8Lti7m/QwaZ.5CmZmRJWN7y";"rI5DZwBJHe";"2019-08-08 08:52:13";"2019-08-08 08:52:13"
41;"Vince";"Wolff";"Jones";33;"Femenino";"murazik.chaz@example.org";"2019-08-08 08:52:12";"HR Specialist";"Mixta";"Secundaria";2;"$2y$10$YkpG5/TAVO5kjp/IV3zmouIFhmafAi8Lti7m/QwaZ.5CmZmRJWN7y";"fxoGLNszCQ";"2019-08-08 08:52:13";"2019-08-08 08:52:13"
42;"Wava";"Cummings";"Will";32;"Femenino";"smith.joanie@example.org";"2019-08-08 08:52:12";"Communications Teacher";"Diurna";"Primaria";2;"$2y$10$YkpG5/TAVO5kjp/IV3zmouIFhmafAi8Lti7m/QwaZ.5CmZmRJWN7y";"9lsugk1LNz";"2019-08-08 08:52:14";"2019-08-08 08:52:14"
43;"Scotty";"Howell";"Prosacco";26;"Femenino";"karley90@example.net";"2019-08-08 08:52:12";"Engineering Teacher";"Mixta";"Primaria";5;"$2y$10$YkpG5/TAVO5kjp/IV3zmouIFhmafAi8Lti7m/QwaZ.5CmZmRJWN7y";"ttfGqxJIfA";"2019-08-08 08:52:14";"2019-08-08 08:52:14"
44;"Damaris";"Welch";"Gislason";29;"Femenino";"kirstin.cassin@example.net";"2019-08-08 08:52:12";"Aircraft Launch Specialist";"Mixta";"Tecnica";5;"$2y$10$YkpG5/TAVO5kjp/IV3zmouIFhmafAi8Lti7m/QwaZ.5CmZmRJWN7y";"JZ6Scmk8PM";"2019-08-08 08:52:14";"2019-08-08 08:52:14"
45;"Charley";"Hauck";"Kulas";39;"Femenino";"nkozey@example.com";"2019-08-08 08:52:12";"Law Clerk";"Mixta";"Tecnica";4;"$2y$10$YkpG5/TAVO5kjp/IV3zmouIFhmafAi8Lti7m/QwaZ.5CmZmRJWN7y";"Dgyzcex02b";"2019-08-08 08:52:14";"2019-08-08 08:52:14"
46;"Zackary";"Jakubowski";"Parisian";40;"Femenino";"greenholt.jeanette@example.net";"2019-08-08 08:52:12";"Tractor-Trailer Truck Driver";"Nocturna";"Primaria";4;"$2y$10$YkpG5/TAVO5kjp/IV3zmouIFhmafAi8Lti7m/QwaZ.5CmZmRJWN7y";"fivtcM0gAB";"2019-08-08 08:52:14";"2019-08-08 08:52:14"
47;"Raleigh";"Kessler";"Langworth";26;"Femenino";"linnie.kreiger@example.com";"2019-08-08 08:52:12";"General Farmworker";"Nocturna";"Secundaria";1;"$2y$10$YkpG5/TAVO5kjp/IV3zmouIFhmafAi8Lti7m/QwaZ.5CmZmRJWN7y";"xXBnbtPeCA";"2019-08-08 08:52:14";"2019-08-08 08:52:14"
48;"Caitlyn";"Daniel";"Muller";21;"Masculino";"isidro.ledner@example.net";"2019-08-08 08:52:12";"Recyclable Material Collector";"Nocturna";"Universidad";4;"$2y$10$YkpG5/TAVO5kjp/IV3zmouIFhmafAi8Lti7m/QwaZ.5CmZmRJWN7y";"vNUM2Yo8gv";"2019-08-08 08:52:14";"2019-08-08 08:52:14"
49;"Candido";"Ledner";"Wilkinson";36;"Femenino";"jbarton@example.org";"2019-08-08 08:52:12";"Dispatcher";"Mixta";"Secundaria";1;"$2y$10$YkpG5/TAVO5kjp/IV3zmouIFhmafAi8Lti7m/QwaZ.5CmZmRJWN7y";"CzUJUyWSmY";"2019-08-08 08:52:14";"2019-08-08 08:52:14"
50;"Agnes";"Von";"Mitchell";28;"Femenino";"fritz72@example.com";"2019-08-08 08:52:12";"Detective";"Nocturna";"Primaria";3;"$2y$10$YkpG5/TAVO5kjp/IV3zmouIFhmafAi8Lti7m/QwaZ.5CmZmRJWN7y";"BVyA6r6rSw";"2019-08-08 08:52:14";"2019-08-08 08:52:14"
51;"Seth";"Hilpert";"Sanford";32;"Femenino";"lyda42@example.net";"2019-08-08 08:52:12";"Social Work Teacher";"Diurna";"Primaria";2;"$2y$10$YkpG5/TAVO5kjp/IV3zmouIFhmafAi8Lti7m/QwaZ.5CmZmRJWN7y";"RUqd5bBKCz";"2019-08-08 08:52:14";"2019-08-08 08:52:14"
52;"Christine";"Hodkiewicz";"Nikolaus";37;"Masculino";"hadley.tillman@example.net";"2019-08-08 08:52:12";"Skin Care Specialist";"Mixta";"Tecnica";3;"$2y$10$YkpG5/TAVO5kjp/IV3zmouIFhmafAi8Lti7m/QwaZ.5CmZmRJWN7y";"QbFnykFzHU";"2019-08-08 08:52:14";"2019-08-08 08:52:14"
53;"Colby";"Moore";"Crooks";34;"Femenino";"roderick.yundt@example.com";"2019-08-08 08:52:12";"Supervisor of Police";"Diurna";"Primaria";5;"$2y$10$YkpG5/TAVO5kjp/IV3zmouIFhmafAi8Lti7m/QwaZ.5CmZmRJWN7y";"YcJDJis1O9";"2019-08-08 08:52:14";"2019-08-08 08:52:14"
54;"Rafael";"Torphy";"Altenwerth";22;"Masculino";"royal02@example.net";"2019-08-08 08:52:12";"Network Systems Analyst";"Nocturna";"Primaria";3;"$2y$10$YkpG5/TAVO5kjp/IV3zmouIFhmafAi8Lti7m/QwaZ.5CmZmRJWN7y";"En72Tw4rEw";"2019-08-08 08:52:14";"2019-08-08 08:52:14"
55;"Tiana";"Yundt";"Dicki";36;"Masculino";"carmelo.lebsack@example.com";"2019-08-08 08:52:12";"Crushing Grinding Machine Operator";"Nocturna";"Tecnica";2;"$2y$10$YkpG5/TAVO5kjp/IV3zmouIFhmafAi8Lti7m/QwaZ.5CmZmRJWN7y";"5Acza7ckX1";"2019-08-08 08:52:14";"2019-08-08 08:52:14"
56;"Juliana";"Watsica";"Bergnaum";30;"Femenino";"janis49@example.net";"2019-08-08 08:52:12";"Electric Motor Repairer";"Mixta";"Preparatoria";5;"$2y$10$YkpG5/TAVO5kjp/IV3zmouIFhmafAi8Lti7m/QwaZ.5CmZmRJWN7y";"Yodxk925XN";"2019-08-08 08:52:14";"2019-08-08 08:52:14"
57;"Roscoe";"Goyette";"Kozey";29;"Masculino";"romaguera.joshua@example.net";"2019-08-08 08:52:12";"Printing Machine Operator";"Diurna";"Tecnica";4;"$2y$10$YkpG5/TAVO5kjp/IV3zmouIFhmafAi8Lti7m/QwaZ.5CmZmRJWN7y";"qwzPJr8oYm";"2019-08-08 08:52:14";"2019-08-08 08:52:14"
58;"Ansley";"Wisoky";"Jacobson";38;"Femenino";"alexandrine72@example.org";"2019-08-08 08:52:12";"Refrigeration Mechanic";"Diurna";"Universidad";1;"$2y$10$YkpG5/TAVO5kjp/IV3zmouIFhmafAi8Lti7m/QwaZ.5CmZmRJWN7y";"UgjbuGxwVX";"2019-08-08 08:52:14";"2019-08-08 08:52:14"
59;"Olga";"Hilpert";"Larson";29;"Masculino";"hwillms@example.net";"2019-08-08 08:52:12";"Movers";"Mixta";"Primaria";1;"$2y$10$YkpG5/TAVO5kjp/IV3zmouIFhmafAi8Lti7m/QwaZ.5CmZmRJWN7y";"hlAAyBC2iG";"2019-08-08 08:52:14";"2019-08-08 08:52:14"
60;"Rolando";"Durgan";"Heller";18;"Masculino";"marisa11@example.com";"2019-08-08 08:52:12";"Precision Mold and Pattern Caster";"Diurna";"Tecnica";4;"$2y$10$YkpG5/TAVO5kjp/IV3zmouIFhmafAi8Lti7m/QwaZ.5CmZmRJWN7y";"LuXDuOJXo6";"2019-08-08 08:52:14";"2019-08-08 08:52:14"
61;"Emmalee";"Schaden";"Fadel";26;"Femenino";"daniella.batz@example.org";"2019-08-08 08:52:12";"Clerk";"Nocturna";"Preparatoria";2;"$2y$10$YkpG5/TAVO5kjp/IV3zmouIFhmafAi8Lti7m/QwaZ.5CmZmRJWN7y";"RHXWGLGXLX";"2019-08-08 08:52:14";"2019-08-08 08:52:14"
62;"Jeramy";"Wisoky";"Fisher";24;"Masculino";"kristofer66@example.net";"2019-08-08 08:52:12";"Organizational Development Manager";"Diurna";"Tecnica";5;"$2y$10$YkpG5/TAVO5kjp/IV3zmouIFhmafAi8Lti7m/QwaZ.5CmZmRJWN7y";"v7xJRWyHND";"2019-08-08 08:52:14";"2019-08-08 08:52:14"
63;"Marjory";"Heidenreich";"Abernathy";20;"Masculino";"gerda.swift@example.com";"2019-08-08 08:52:12";"Government Property Inspector";"Mixta";"Secundaria";5;"$2y$10$YkpG5/TAVO5kjp/IV3zmouIFhmafAi8Lti7m/QwaZ.5CmZmRJWN7y";"HbYMb7Xg8d";"2019-08-08 08:52:14";"2019-08-08 08:52:14"
64;"Elizabeth";"Kozey";"Marks";37;"Masculino";"maxwell.grimes@example.net";"2019-08-08 08:52:12";"Survey Researcher";"Nocturna";"Primaria";4;"$2y$10$YkpG5/TAVO5kjp/IV3zmouIFhmafAi8Lti7m/QwaZ.5CmZmRJWN7y";"ZGJ7A4RSeX";"2019-08-08 08:52:14";"2019-08-08 08:52:14"
65;"Cornell";"Bradtke";"Funk";31;"Masculino";"mkuhn@example.net";"2019-08-08 08:52:12";"Counsil";"Nocturna";"Universidad";4;"$2y$10$YkpG5/TAVO5kjp/IV3zmouIFhmafAi8Lti7m/QwaZ.5CmZmRJWN7y";"8yyUXrE9fW";"2019-08-08 08:52:14";"2019-08-08 08:52:14"
66;"Joany";"Murphy";"Conroy";23;"Masculino";"donna.ohara@example.net";"2019-08-08 08:52:12";"Pipelaying Fitter";"Diurna";"Primaria";1;"$2y$10$YkpG5/TAVO5kjp/IV3zmouIFhmafAi8Lti7m/QwaZ.5CmZmRJWN7y";"Dg6tPYVMTZ";"2019-08-08 08:52:14";"2019-08-08 08:52:14"
67;"Oceane";"Roberts";"Bosco";33;"Masculino";"astrid19@example.org";"2019-08-08 08:52:12";"Captain";"Nocturna";"Preparatoria";4;"$2y$10$YkpG5/TAVO5kjp/IV3zmouIFhmafAi8Lti7m/QwaZ.5CmZmRJWN7y";"tKqavxPzAy";"2019-08-08 08:52:14";"2019-08-08 08:52:14"
68;"Dillan";"Rempel";"Witting";34;"Femenino";"lzboncak@example.net";"2019-08-08 08:52:12";"Director Of Business Development";"Nocturna";"Preparatoria";2;"$2y$10$YkpG5/TAVO5kjp/IV3zmouIFhmafAi8Lti7m/QwaZ.5CmZmRJWN7y";"IDN51rtTfp";"2019-08-08 08:52:14";"2019-08-08 08:52:14"
69;"Merlin";"Weimann";"Predovic";25;"Masculino";"rcummerata@example.com";"2019-08-08 08:52:12";"Curator";"Mixta";"Universidad";5;"$2y$10$YkpG5/TAVO5kjp/IV3zmouIFhmafAi8Lti7m/QwaZ.5CmZmRJWN7y";"LCZOmb0CqT";"2019-08-08 08:52:14";"2019-08-08 08:52:14"
70;"Estefania";"Spinka";"Mosciski";38;"Masculino";"nlittle@example.net";"2019-08-08 08:52:12";"Dental Assistant";"Mixta";"Tecnica";4;"$2y$10$YkpG5/TAVO5kjp/IV3zmouIFhmafAi8Lti7m/QwaZ.5CmZmRJWN7y";"0KwyPgFVOi";"2019-08-08 08:52:14";"2019-08-08 08:52:14"
71;"Oren";"Pouros";"Rogahn";38;"Masculino";"hauck.rodolfo@example.com";"2019-08-08 08:52:12";"Fabric Mender";"Mixta";"Tecnica";3;"$2y$10$YkpG5/TAVO5kjp/IV3zmouIFhmafAi8Lti7m/QwaZ.5CmZmRJWN7y";"N9mCXmAxOR";"2019-08-08 08:52:14";"2019-08-08 08:52:14"
72;"Rachelle";"Gibson";"O'Hara";27;"Femenino";"ajenkins@example.com";"2019-08-08 08:52:12";"Dishwasher";"Nocturna";"Secundaria";2;"$2y$10$YkpG5/TAVO5kjp/IV3zmouIFhmafAi8Lti7m/QwaZ.5CmZmRJWN7y";"eBS3fk98p5";"2019-08-08 08:52:15";"2019-08-08 08:52:15"
73;"Anika";"Balistreri";"O'Kon";22;"Femenino";"rbatz@example.org";"2019-08-08 08:52:12";"Jeweler";"Nocturna";"Preparatoria";3;"$2y$10$YkpG5/TAVO5kjp/IV3zmouIFhmafAi8Lti7m/QwaZ.5CmZmRJWN7y";"kRDkg3UvNN";"2019-08-08 08:52:15";"2019-08-08 08:52:15"
74;"Kamryn";"Rice";"Parker";23;"Masculino";"lonie.hoppe@example.org";"2019-08-08 08:52:12";"Real Estate Appraiser";"Diurna";"Secundaria";5;"$2y$10$YkpG5/TAVO5kjp/IV3zmouIFhmafAi8Lti7m/QwaZ.5CmZmRJWN7y";"AsTyWLN7wE";"2019-08-08 08:52:15";"2019-08-08 08:52:15"
75;"Lindsey";"Lowe";"Funk";25;"Femenino";"linwood36@example.com";"2019-08-08 08:52:12";"Title Searcher";"Nocturna";"Primaria";2;"$2y$10$YkpG5/TAVO5kjp/IV3zmouIFhmafAi8Lti7m/QwaZ.5CmZmRJWN7y";"GmREhrEbRd";"2019-08-08 08:52:15";"2019-08-08 08:52:15"
76;"Otha";"Rogahn";"Cronin";19;"Masculino";"hilpert.alyson@example.com";"2019-08-08 08:52:12";"Rolling Machine Setter";"Mixta";"Preparatoria";5;"$2y$10$YkpG5/TAVO5kjp/IV3zmouIFhmafAi8Lti7m/QwaZ.5CmZmRJWN7y";"5QhisiObPK";"2019-08-08 08:52:15";"2019-08-08 08:52:15"
77;"Delilah";"Boehm";"DuBuque";34;"Masculino";"gardner.labadie@example.org";"2019-08-08 08:52:12";"Economics Teacher";"Diurna";"Primaria";4;"$2y$10$YkpG5/TAVO5kjp/IV3zmouIFhmafAi8Lti7m/QwaZ.5CmZmRJWN7y";"iRLqg2tUxv";"2019-08-08 08:52:15";"2019-08-08 08:52:15"
78;"Elvera";"Romaguera";"Sawayn";18;"Femenino";"golden11@example.net";"2019-08-08 08:52:12";"Electrical Drafter";"Nocturna";"Universidad";2;"$2y$10$YkpG5/TAVO5kjp/IV3zmouIFhmafAi8Lti7m/QwaZ.5CmZmRJWN7y";"XhROiUFduf";"2019-08-08 08:52:15";"2019-08-08 08:52:15"
79;"Brant";"Huel";"Stanton";25;"Femenino";"emard.alfreda@example.com";"2019-08-08 08:52:12";"Therapist";"Mixta";"Tecnica";2;"$2y$10$YkpG5/TAVO5kjp/IV3zmouIFhmafAi8Lti7m/QwaZ.5CmZmRJWN7y";"AWaU9VdUle";"2019-08-08 08:52:15";"2019-08-08 08:52:15"
80;"Etha";"Smitham";"Ferry";22;"Masculino";"xchamplin@example.net";"2019-08-08 08:52:12";"Cashier";"Nocturna";"Primaria";4;"$2y$10$YkpG5/TAVO5kjp/IV3zmouIFhmafAi8Lti7m/QwaZ.5CmZmRJWN7y";"PdirNdQRJt";"2019-08-08 08:52:15";"2019-08-08 08:52:15"
81;"Parker";"Mills";"Doyle";35;"Masculino";"afisher@example.com";"2019-08-08 08:52:12";"Broadcast News Analyst";"Mixta";"Primaria";4;"$2y$10$YkpG5/TAVO5kjp/IV3zmouIFhmafAi8Lti7m/QwaZ.5CmZmRJWN7y";"V3YRkwd0AX";"2019-08-08 08:52:15";"2019-08-08 08:52:15"
82;"Syble";"Glover";"Halvorson";22;"Femenino";"leopoldo83@example.com";"2019-08-08 08:52:12";"Postal Service Clerk";"Mixta";"Tecnica";5;"$2y$10$YkpG5/TAVO5kjp/IV3zmouIFhmafAi8Lti7m/QwaZ.5CmZmRJWN7y";"FrqJtnCrQB";"2019-08-08 08:52:15";"2019-08-08 08:52:15"
83;"Aileen";"Bailey";"Stiedemann";37;"Femenino";"jaunita36@example.net";"2019-08-08 08:52:12";"Fashion Model";"Mixta";"Secundaria";4;"$2y$10$YkpG5/TAVO5kjp/IV3zmouIFhmafAi8Lti7m/QwaZ.5CmZmRJWN7y";"WBQGRqjVeJ";"2019-08-08 08:52:15";"2019-08-08 08:52:15"
84;"Desiree";"O'Reilly";"Lubowitz";26;"Masculino";"spencer.marcelino@example.com";"2019-08-08 08:52:12";"Grips";"Mixta";"Universidad";1;"$2y$10$YkpG5/TAVO5kjp/IV3zmouIFhmafAi8Lti7m/QwaZ.5CmZmRJWN7y";"IRgOl5XoX9";"2019-08-08 08:52:15";"2019-08-08 08:52:15"
85;"Alexis";"O'Kon";"Gutkowski";24;"Masculino";"cydney54@example.com";"2019-08-08 08:52:12";"Precision Dyer";"Nocturna";"Preparatoria";5;"$2y$10$YkpG5/TAVO5kjp/IV3zmouIFhmafAi8Lti7m/QwaZ.5CmZmRJWN7y";"IfYXrEeNDo";"2019-08-08 08:52:15";"2019-08-08 08:52:15"
86;"Nikita";"Moen";"Stamm";31;"Masculino";"kpaucek@example.com";"2019-08-08 08:52:12";"Health Technologist";"Diurna";"Preparatoria";2;"$2y$10$YkpG5/TAVO5kjp/IV3zmouIFhmafAi8Lti7m/QwaZ.5CmZmRJWN7y";"bddyM5zD57";"2019-08-08 08:52:15";"2019-08-08 08:52:15"
87;"Lukas";"Stroman";"Gaylord";26;"Masculino";"uveum@example.com";"2019-08-08 08:52:12";"Agricultural Equipment Operator";"Nocturna";"Preparatoria";2;"$2y$10$YkpG5/TAVO5kjp/IV3zmouIFhmafAi8Lti7m/QwaZ.5CmZmRJWN7y";"PzsDMMRvEC";"2019-08-08 08:52:15";"2019-08-08 08:52:15"
88;"Ephraim";"Price";"Jakubowski";37;"Femenino";"carol91@example.org";"2019-08-08 08:52:12";"Precision Devices Inspector";"Diurna";"Secundaria";1;"$2y$10$YkpG5/TAVO5kjp/IV3zmouIFhmafAi8Lti7m/QwaZ.5CmZmRJWN7y";"zCRHt3RxDc";"2019-08-08 08:52:15";"2019-08-08 08:52:15"
89;"Crystel";"Cronin";"Purdy";25;"Masculino";"sstehr@example.org";"2019-08-08 08:52:12";"Buyer";"Nocturna";"Tecnica";4;"$2y$10$YkpG5/TAVO5kjp/IV3zmouIFhmafAi8Lti7m/QwaZ.5CmZmRJWN7y";"ZNmPo5EsdG";"2019-08-08 08:52:15";"2019-08-08 08:52:15"
90;"Rebeca";"Goodwin";"Cummerata";27;"Masculino";"yswift@example.org";"2019-08-08 08:52:12";"Boat Builder and Shipwright";"Diurna";"Universidad";2;"$2y$10$YkpG5/TAVO5kjp/IV3zmouIFhmafAi8Lti7m/QwaZ.5CmZmRJWN7y";"Dxi5GiXCJq";"2019-08-08 08:52:15";"2019-08-08 08:52:15"
91;"Gaston";"Daniel";"Robel";38;"Femenino";"cory11@example.com";"2019-08-08 08:52:12";"Therapist";"Diurna";"Secundaria";1;"$2y$10$YkpG5/TAVO5kjp/IV3zmouIFhmafAi8Lti7m/QwaZ.5CmZmRJWN7y";"OSWfH3rxm0";"2019-08-08 08:52:15";"2019-08-08 08:52:15"
92;"Americo";"Torp";"Schaden";19;"Femenino";"grady51@example.net";"2019-08-08 08:52:12";"Foundry Mold and Coremaker";"Mixta";"Tecnica";4;"$2y$10$YkpG5/TAVO5kjp/IV3zmouIFhmafAi8Lti7m/QwaZ.5CmZmRJWN7y";"0ccWXAVXFa";"2019-08-08 08:52:15";"2019-08-08 08:52:15"
93;"Oscar";"Thompson";"Walter";27;"Femenino";"senger.german@example.org";"2019-08-08 08:52:12";"Mail Machine Operator";"Nocturna";"Secundaria";4;"$2y$10$YkpG5/TAVO5kjp/IV3zmouIFhmafAi8Lti7m/QwaZ.5CmZmRJWN7y";"QCytQnGll1";"2019-08-08 08:52:15";"2019-08-08 08:52:15"
94;"Adonis";"Hane";"Swift";19;"Masculino";"fermin.halvorson@example.net";"2019-08-08 08:52:12";"Paperhanger";"Diurna";"Secundaria";5;"$2y$10$YkpG5/TAVO5kjp/IV3zmouIFhmafAi8Lti7m/QwaZ.5CmZmRJWN7y";"xrm0VJjEJD";"2019-08-08 08:52:15";"2019-08-08 08:52:15"
95;"Angelita";"Littel";"Braun";29;"Femenino";"wellington.conroy@example.com";"2019-08-08 08:52:12";"Answering Service";"Diurna";"Secundaria";1;"$2y$10$YkpG5/TAVO5kjp/IV3zmouIFhmafAi8Lti7m/QwaZ.5CmZmRJWN7y";"40A6tv89rr";"2019-08-08 08:52:15";"2019-08-08 08:52:15"
96;"Leilani";"Medhurst";"Cremin";39;"Femenino";"hilton33@example.com";"2019-08-08 08:52:12";"Farmer";"Diurna";"Primaria";1;"$2y$10$YkpG5/TAVO5kjp/IV3zmouIFhmafAi8Lti7m/QwaZ.5CmZmRJWN7y";"aCnbAIPD5r";"2019-08-08 08:52:15";"2019-08-08 08:52:15"
97;"Harmony";"Reichert";"Thompson";18;"Femenino";"kayleigh.cartwright@example.org";"2019-08-08 08:52:12";"Security Guard";"Mixta";"Preparatoria";3;"$2y$10$YkpG5/TAVO5kjp/IV3zmouIFhmafAi8Lti7m/QwaZ.5CmZmRJWN7y";"BXnASNIzeH";"2019-08-08 08:52:15";"2019-08-08 08:52:15"
98;"Madie";"Wiegand";"Larson";30;"Femenino";"gage12@example.org";"2019-08-08 08:52:12";"Door To Door Sales";"Diurna";"Secundaria";3;"$2y$10$YkpG5/TAVO5kjp/IV3zmouIFhmafAi8Lti7m/QwaZ.5CmZmRJWN7y";"WZHMWPfunb";"2019-08-08 08:52:15";"2019-08-08 08:52:15"
99;"Allie";"Miller";"Stehr";31;"Femenino";"cole.taya@example.com";"2019-08-08 08:52:12";"Ticket Agent";"Mixta";"Universidad";2;"$2y$10$YkpG5/TAVO5kjp/IV3zmouIFhmafAi8Lti7m/QwaZ.5CmZmRJWN7y";"qroZ4YuRG6";"2019-08-08 08:52:15";"2019-08-08 08:52:15"
100;"Hazle";"Johns";"Heaney";34;"Femenino";"ejaskolski@example.org";"2019-08-08 08:52:12";"Law Enforcement Teacher";"Diurna";"Preparatoria";5;"$2y$10$YkpG5/TAVO5kjp/IV3zmouIFhmafAi8Lti7m/QwaZ.5CmZmRJWN7y";"vUGopmpiYF";"2019-08-08 08:52:16";"2019-08-08 08:52:16"
102;"Jason";"Jason";"Jason";90;"Masculino";"rojo@gmail.com";"";"Masculino";"Diurna";"Primaria";6;"$2y$10$3UBjsl/qEiiVlsa0x/N2queTOmKfDaB4KrLeCK4aRNvR4XoxXwCBC";"";"2019-08-13 06:13:07";"2019-08-13 06:13:07"
